mutant,DMS_score,DMS_score_bin
A32N,48.6,1
A32E,46.44,1
A32F,47.46,1
A32G,47.91,1
A32H,47.77,1
A32I,48.02,1
A32K,48.94,1
A32L,48.29,1
A32M,47.87,1
A32C,46.93,1
A32Q,49.3,1
A32S,48.72,1
A32T,49.45,1
A32V,49.5,1
A32W,47.98,1
A32Y,42.88,0
A32P,49.42,1
E33P,49.43,1
E33N,48.42,1
E33I,47.5,1
E33Q,48.55,1
E33R,49.46,1
E33S,48.92,1
E33T,48.21,1
E33V,48.53,1
E33H,48.81,1
E33M,48.01,1
E33G,49.31,1
E33D,49.29,1
E33C,48.19,1
E33A,48.25,1
E33W,47.51,1
E33F,47.22,1
E33L,47.16,1
H34G,45.17,0
H34F,45.89,0
H34E,44.75,0
H34D,43.5,0
H34W,45.25,0
H34I,45.34,0
H34K,42.1,0
H34L,46.11,0
H34M,46.48,1
H34N,46.85,1
H34P,47.15,1
H34Q,48.78,1
H34R,49.5,1
H34S,46.28,0
H34T,46.56,1
H34Y,46.56,1
H34V,46.31,0
H34C,45.32,0
H34A,46.42,1
N35D,43.28,0
N35M,45.03,0
N35P,45.94,0
N35Q,45.47,0
N35S,45.67,0
N35T,45.23,0
N35H,47.07,1
N35V,45.35,0
N35W,45.05,0
N35Y,47.05,1
N35G,44.73,0
N35F,46.34,1
N35E,43.21,0
N35K,46.39,1
N35C,45.4,0
N35A,45.85,0
N35L,47.28,1
P36V,41.76,0
P36S,44.12,0
P36A,41.8,0
V37I,46.18,0
V37L,45.79,0
V37M,41.71,0
V37T,44.8,0
V37W,48.25,1
V37C,45.08,0
V37A,44.23,0
V38M,43.06,0
V38C,43.37,0
V38A,41.68,0
V38L,44.76,0
V38I,48.5,1
V38F,42.37,0
M39W,40.59,0
M39N,48.67,1
M39L,41.53,0
M39I,40.23,0
M39H,44.07,0
M39G,41.97,0
M39C,46.38,1
M39Q,42.95,0
M39V,41.14,0
M39A,43.23,0
V40L,45.28,0
V40M,45.03,0
V40N,40.03,0
V40R,42.08,0
V40C,45.81,0
V40S,44.07,0
V40A,45.75,0
V40I,41.56,0
H41Q,48.64,1
H41T,44.47,0
H41A,42.66,0
H41P,42.88,0
H41E,46.41,1
I43W,49.98,1
I43V,49.36,1
I43T,49.3,1
I43S,47.39,1
I43R,47.33,1
I43Q,48.52,1
I43Y,48.17,1
I43M,48.2,1
I43N,49.12,1
I43A,45.73,0
I43C,50.24,1
I43F,48.16,1
I43G,45.78,0
I43L,48.11,1
G44L,46.06,0
G44A,47.95,1
G44C,46.15,0
G44D,47.88,1
G44E,48.73,1
G44F,47.81,1
G44H,46.0,0
G44I,46.93,1
G44R,46.86,1
G44M,45.98,0
G44N,46.9,1
G44Q,48.9,1
G44S,45.73,0
G44V,45.99,0
G44W,45.59,0
G44Y,46.63,1
G45A,46.19,0
G45S,49.12,1
G45R,44.88,0
G45P,45.55,0
G45N,49.15,1
G45M,47.66,1
G45D,44.64,0
G45K,45.63,0
A46D,49.18,1
A46V,49.42,1
A46C,47.58,1
A46E,49.03,1
A46F,47.76,1
A46G,46.45,1
A46H,50.39,1
A46K,48.89,1
A46Y,46.58,1
A46L,50.06,1
A46N,46.43,1
A46P,50.15,1
A46Q,45.98,0
A46R,47.53,1
A46S,47.1,1
A46T,45.44,0
A46M,45.57,0
S47Y,45.66,0
S47W,46.72,1
S47K,48.66,1
S47T,46.4,1
S47A,47.54,1
S47C,48.74,1
S47D,46.88,1
S47E,46.81,1
S47F,46.76,1
S47G,45.67,0
S47L,46.8,1
S47M,45.36,0
S47N,45.35,0
S47P,46.5,1
S47Q,45.99,0
S47V,46.12,0
S47R,46.35,1
F48R,49.32,1
F48W,52.56,1
F48C,49.12,1
F48A,51.09,1
F48G,51.31,1
F48H,49.39,1
F48I,49.13,1
F48V,50.08,1
F48K,50.8,1
F48L,48.03,1
F48M,49.58,1
F48N,51.25,1
F48P,48.6,1
F48Y,49.9,1
F48S,50.86,1
F48Q,50.41,1
F48T,51.79,1
F48E,52.09,1
F48D,51.88,1
N49V,47.73,1
N49Y,49.33,1
N49I,48.93,1
N49K,45.36,0
N49L,49.88,1
N49M,47.89,1
N49Q,49.8,1
N49H,49.01,1
N49P,41.84,0
N49F,47.3,1
N49E,52.14,1
N49D,50.8,1
N49C,48.54,1
N49R,45.11,0
N49S,47.58,1
N49T,46.85,1
N49G,47.01,1
F50D,45.08,0
F50Y,45.78,0
F50W,47.77,1
F50M,44.75,0
F50L,40.37,0
F50I,40.02,0
F50C,41.07,0
F50K,44.8,0
F50A,42.23,0
A51M,48.15,1
A51C,49.36,1
A51D,51.1,1
A51E,49.08,1
A51F,47.5,1
A51G,48.3,1
A51H,48.75,1
A51I,47.74,1
A51K,49.25,1
A51L,47.99,1
A51N,50.21,1
A51R,41.22,0
A51Q,49.14,1
A51T,47.86,1
A51V,47.63,1
A51W,47.83,1
A51Y,47.59,1
A51S,49.0,1
G52P,47.13,1
G52A,49.8,1
G52Y,49.71,1
G52W,48.24,1
G52V,47.96,1
G52T,47.59,1
G52S,49.26,1
G52E,48.97,1
G52I,48.96,1
G52K,49.18,1
G52L,48.22,1
G52M,48.61,1
G52N,49.29,1
G52D,47.92,1
G52R,47.93,1
G52H,49.08,1
G52C,49.54,1
I53C,41.47,0
I53A,41.03,0
I53L,46.17,0
I53M,44.84,0
I53H,42.78,0
I53Q,40.59,0
I53T,43.4,0
I53V,47.22,1
I53Y,41.87,0
I53F,40.75,0
K54W,46.4,1
K54A,44.45,0
K54C,50.18,1
K54Y,46.78,1
K54D,49.14,1
K54E,47.77,1
K54T,47.93,1
K54G,46.56,1
K54V,48.01,1
K54S,47.62,1
K54R,48.11,1
K54F,46.95,1
K54M,49.27,1
K54L,46.81,1
K54I,48.97,1
K54N,47.15,1
K54H,47.33,1
S55T,48.42,1
S55R,46.1,0
S55M,47.4,1
S55Y,46.73,1
S55L,46.24,0
S55K,49.37,1
S55H,48.6,1
S55G,48.28,1
S55F,46.0,0
S55E,50.86,1
S55V,45.79,0
S55W,46.28,0
S55D,50.06,1
S55C,42.66,0
S55A,49.48,1
S55Q,49.64,1
S55P,48.89,1
Y56M,42.88,0
Y56A,42.01,0
Y56D,41.47,0
Y56E,41.1,0
Y56F,48.25,1
Y56H,44.75,0
Y56S,42.87,0
Y56N,41.91,0
Y56K,46.32,0
Y56W,46.35,1
L57M,44.79,0
L57F,41.7,0
L57A,43.79,0
V58H,48.6,1
V58N,46.64,1
V58M,48.49,1
V58L,47.82,1
V58Y,46.93,1
V58W,46.17,0
V58T,48.68,1
V58S,48.36,1
V58R,47.17,1
V58Q,48.58,1
V58I,49.5,1
V58G,46.84,1
V58K,47.0,1
V58E,49.32,1
V58F,47.12,1
S59A,48.43,1
S59G,48.2,1
S59H,47.39,1
S59I,45.18,0
S59K,48.18,1
S59L,45.58,0
S59M,46.34,1
S59N,47.79,1
S59P,43.38,0
S59Q,48.24,1
S59E,49.57,1
S59D,47.86,1
S59C,47.0,1
S59R,47.14,1
S59T,48.69,1
S59Y,45.49,0
S59W,44.35,0
S59V,45.43,0
Q60T,44.73,0
Q60V,45.48,0
Q60Y,45.19,0
Q60A,46.27,0
Q60C,46.28,0
Q60D,42.51,0
Q60E,48.97,1
Q60F,47.48,1
Q60N,48.21,1
Q60H,47.78,1
Q60I,44.47,0
Q60K,47.61,1
Q60L,45.11,0
Q60M,47.7,1
Q60S,46.45,1
Q60R,46.67,1
Q60W,45.07,0
Q60P,46.29,0
Q60G,44.23,0
G61A,43.8,0
G61C,42.71,0
G61D,43.51,0
G61E,44.0,0
G61F,45.47,0
G61H,43.76,0
G61Y,42.07,0
G61L,44.85,0
G61N,44.83,0
G61Q,44.36,0
G61R,42.72,0
G61S,44.15,0
G61T,42.91,0
G61W,44.53,0
G61K,43.52,0
W62V,40.68,0
W62T,41.58,0
W62S,43.73,0
W62H,43.28,0
W62L,43.53,0
W62K,40.98,0
W62F,47.06,1
W62N,40.85,0
W62I,42.1,0
S63W,46.08,0
S63D,49.78,1
S63E,48.83,1
S63F,46.2,0
S63G,47.01,1
S63H,48.7,1
S63I,47.63,1
S63K,49.7,1
S63M,47.56,1
S63N,49.2,1
S63P,49.63,1
S63Q,49.02,1
S63R,48.84,1
S63T,48.13,1
S63V,47.21,1
S63L,46.62,1
S63C,47.02,1
S63Y,46.68,1
S63A,49.04,1
R64V,48.65,1
R64A,50.21,1
R64C,49.21,1
R64D,47.28,1
R64E,49.47,1
R64F,48.05,1
R64G,48.95,1
R64H,48.21,1
R64I,49.97,1
R64L,48.13,1
R64M,47.94,1
R64N,47.69,1
R64P,50.08,1
R64W,48.2,1
R64Q,50.52,1
R64K,51.5,1
R64T,47.6,1
R64Y,48.8,1
D65I,46.15,0
D65Y,46.94,1
D65W,46.96,1
D65T,52.77,1
D65S,50.56,1
D65P,49.76,1
D65N,48.42,1
D65M,48.89,1
D65L,44.97,0
D65K,50.23,1
D65A,50.23,1
D65C,48.77,1
D65F,47.34,1
D65G,45.08,0
D65H,47.46,1
K66F,47.21,1
K66I,46.94,1
K66H,46.7,1
K66G,46.79,1
K66S,47.85,1
K66E,47.68,1
K66D,49.73,1
K66C,46.12,0
K66A,46.43,1
K66T,46.36,1
K66L,46.95,1
K66R,49.1,1
K66V,48.59,1
K66Y,48.41,1
L67W,40.13,0
L67V,47.24,1
L67T,44.07,0
L67S,42.38,0
L67Q,44.78,0
L67I,50.33,1
L67A,45.16,0
Y68C,47.06,1
Y68A,45.22,0
Y68H,45.85,0
Y68I,44.96,0
Y68F,48.42,1
Y68E,46.54,1
Y68V,45.3,0
Y68K,45.6,0
Y68L,45.44,0
Y68M,46.83,1
Y68W,46.37,1
Y68N,45.75,0
Y68Q,46.95,1
Y68R,46.7,1
Y68S,46.11,0
Y68T,46.81,1
A69P,45.78,0
A69N,45.95,0
A69M,47.97,1
A69L,46.04,0
A69Q,46.82,1
A69R,44.65,0
A69Y,43.68,0
A69K,45.55,0
A69I,46.76,1
A69G,46.91,1
A69F,46.5,1
A69E,47.26,1
A69D,46.15,0
A69S,49.1,1
A69T,48.72,1
A69V,45.52,0
A69W,45.61,0
V70S,45.16,0
V70A,45.27,0
V70D,44.37,0
V70F,41.55,0
V70R,41.2,0
V70I,41.42,0
V70M,46.97,1
V70H,42.27,0
V70G,45.2,0
V70N,46.2,0
V70Y,41.9,0
V70W,45.32,0
V70T,41.95,0
V70P,42.11,0
V70Q,45.78,0
V70K,48.45,1
D71A,42.9,0
D71E,44.53,0
D71F,46.86,1
D71K,45.19,0
D71L,45.68,0
D71P,47.42,1
D71Q,45.55,0
D71R,45.37,0
D71S,44.36,0
D71T,46.31,0
D71V,46.42,1
D71W,43.7,0
D71Y,46.06,0
D71N,41.83,0
F72T,42.39,0
F72S,42.63,0
F72Q,41.43,0
F72P,42.87,0
F72N,44.14,0
F72M,45.46,0
F72H,41.21,0
F72I,41.59,0
F72W,41.97,0
F72D,48.24,1
F72C,44.44,0
F72A,42.87,0
F72K,42.58,0
F72Y,43.06,0
F72L,46.72,1
W73Q,47.21,1
W73P,49.99,1
W73R,47.05,1
W73S,47.27,1
W73T,47.66,1
W73V,48.96,1
W73H,47.86,1
W73I,46.38,1
W73N,47.28,1
W73C,48.03,1
W73L,48.41,1
W73E,49.34,1
W73F,46.99,1
W73G,47.45,1
W73Y,48.25,1
W73M,47.79,1
D74G,43.1,0
D74F,46.14,0
D74E,46.07,0
D74K,41.0,0
D74H,43.83,0
D74L,44.53,0
D74C,44.57,0
D74A,44.66,0
D74Y,45.27,0
D74T,45.5,0
D74S,45.13,0
D74R,44.05,0
D74P,45.08,0
D74N,46.35,1
D74M,42.23,0
K75V,46.94,1
K75T,47.02,1
K75S,47.99,1
K75R,46.82,1
K75N,46.99,1
K75P,48.82,1
K75Q,48.32,1
K75F,46.02,0
K75G,45.69,0
K75C,46.67,1
K75D,47.05,1
K75H,47.0,1
K75I,46.18,0
K75L,46.32,0
K75M,46.29,0
K75A,47.91,1
T76Y,44.56,0
T76W,47.11,1
T76V,46.43,1
T76S,47.94,1
T76R,47.39,1
T76Q,48.36,1
T76P,44.89,0
T76N,47.9,1
T76K,48.28,1
T76L,47.31,1
T76I,45.74,0
T76H,48.43,1
T76F,47.09,1
T76E,48.59,1
T76D,45.72,0
T76C,48.33,1
T76A,47.68,1
T76M,47.21,1
T76G,46.95,1
G77E,42.77,0
G77L,40.63,0
G77D,43.48,0
G77H,43.53,0
G77K,43.02,0
G77M,47.18,1
G77N,44.67,0
G77C,47.85,1
G77P,43.97,0
G77R,41.76,0
G77S,46.69,1
G77T,43.24,0
G77W,43.6,0
G77Y,45.41,0
G77Q,44.47,0
G77A,45.81,0
T78R,46.34,1
T78S,47.03,1
T78P,44.68,0
T78L,47.58,1
T78N,48.64,1
T78Y,45.91,0
T78W,45.78,0
T78C,49.83,1
T78H,47.89,1
T78E,48.72,1
T78F,46.25,0
T78G,47.55,1
T78M,47.13,1
T78K,48.65,1
T78D,49.25,1
N79S,46.98,1
N79T,43.43,0
N79V,45.1,0
N79W,42.8,0
N79Q,44.29,0
N79R,41.03,0
N79P,45.68,0
N79H,44.15,0
N79L,44.64,0
N79K,41.04,0
N79I,45.0,0
N79G,43.21,0
N79F,43.54,0
N79E,42.71,0
N79D,45.66,0
N79M,42.96,0
N79A,44.64,0
N79C,46.12,0
Y80G,48.17,1
Y80F,47.86,1
Y80A,49.2,1
Y80H,48.89,1
Y80T,49.28,1
Y80E,49.63,1
Y80V,49.68,1
Y80P,46.7,1
Y80R,49.0,1
Y80Q,49.87,1
Y80N,47.81,1
Y80I,48.84,1
Y80K,48.06,1
Y80L,47.98,1
Y80M,47.64,1
Y80D,48.65,1
Y80S,49.05,1
Y80C,47.62,1
Y80W,48.13,1
N81I,47.92,1
N81Y,47.04,1
N81W,47.16,1
N81V,49.04,1
N81T,47.58,1
N81S,47.92,1
N81R,47.12,1
N81P,45.33,0
N81L,47.61,1
N81K,46.81,1
N81H,48.08,1
N81G,47.71,1
N81F,48.03,1
N81E,47.06,1
N81Q,46.8,1
N81C,47.13,1
N81D,46.22,0
N81A,47.73,1
N82S,43.7,0
N82R,48.6,1
N82Q,44.72,0
N82P,42.88,0
N82M,44.78,0
N82V,45.64,0
N82I,44.61,0
N82H,42.56,0
N82G,41.2,0
N82F,42.54,0
N82E,43.85,0
N82D,42.16,0
N82C,48.41,1
N82T,47.07,1
N82L,43.85,0
N82A,45.9,0
G83N,41.03,0
G83P,40.98,0
G83S,46.18,0
G83T,41.86,0
G83V,42.37,0
G83Y,47.07,1
G83H,40.49,0
G83F,47.71,1
G83L,42.66,0
G83K,46.46,1
G83I,48.12,1
G83D,49.26,1
G83C,43.33,0
P84H,47.2,1
P84D,45.83,0
P84F,46.44,1
P84E,46.63,1
P84C,47.38,1
P84A,48.46,1
P84G,44.72,0
P84I,47.28,1
P84N,46.29,0
P84M,48.85,1
P84L,46.89,1
P84W,46.66,1
P84V,47.07,1
P84T,47.87,1
P84Y,46.33,0
P84R,47.54,1
P84Q,46.95,1
P84S,46.46,1
V85I,47.56,1
V85M,44.36,0
V85N,46.55,1
V85P,44.05,0
V85Q,49.28,1
V85T,47.41,1
V85L,47.01,1
V85E,46.95,1
V85Y,48.31,1
V85A,48.48,1
V85C,47.81,1
V85D,46.99,1
V85W,47.11,1
L86M,45.16,0
L86V,44.04,0
L86A,48.18,1
L86E,42.87,0
L86F,43.54,0
L86I,46.89,1
L86Q,41.58,0
S87R,45.17,0
S87T,43.98,0
S87V,43.18,0
S87Y,43.8,0
S87M,46.79,1
S87A,48.44,1
S87C,45.62,0
S87D,44.04,0
S87E,46.22,0
S87F,42.62,0
S87H,45.24,0
S87K,45.88,0
S87L,43.79,0
S87N,44.67,0
S87G,45.87,0
R88M,45.52,0
R88L,45.2,0
R88D,44.89,0
R88A,45.64,0
R88Y,46.55,1
R88V,46.22,0
R88T,45.57,0
R88S,44.81,0
R88N,48.6,1
R88K,43.4,0
R88I,44.77,0
R88E,42.14,0
R88C,44.04,0
F89C,46.52,1
F89E,46.7,1
F89H,45.56,0
F89I,46.05,0
F89G,43.52,0
F89L,46.29,0
F89R,44.42,0
F89S,44.22,0
F89W,44.91,0
F89Y,47.52,1
F89K,46.15,0
F89V,48.68,1
V90T,43.28,0
V90S,46.47,1
V90L,41.24,0
V90N,41.64,0
V90M,42.34,0
V90I,49.04,1
V90F,45.28,0
V90C,46.46,1
V90A,46.37,1
Q91S,47.34,1
Q91A,47.37,1
Q91C,46.99,1
Q91E,48.12,1
Q91F,47.24,1
Q91T,47.42,1
Q91H,46.75,1
Q91V,46.66,1
Q91G,46.39,1
Q91R,48.9,1
Q91P,42.9,0
Q91N,48.91,1
Q91W,45.61,0
Q91L,43.24,0
Q91K,49.52,1
Q91I,46.71,1
Q91Y,46.97,1
Q91M,49.35,1
K92C,48.37,1
K92D,47.76,1
K92E,47.69,1
K92F,46.96,1
K92G,47.16,1
K92H,48.56,1
K92I,45.73,0
K92M,47.89,1
K92N,47.86,1
K92P,47.08,1
K92R,48.59,1
K92S,47.52,1
K92T,47.77,1
K92V,46.41,1
K92Y,46.95,1
K92L,46.5,1
K92Q,48.29,1
K92A,47.1,1
V93Y,48.05,1
V93T,45.4,0
V93C,45.15,0
V93D,46.45,1
V93F,44.06,0
V93K,46.36,1
V93I,48.15,1
V93M,45.07,0
V93N,48.53,1
V93Q,47.98,1
V93R,45.66,0
V93S,45.21,0
V93L,44.83,0
L94R,45.98,0
L94V,44.83,0
L94T,43.34,0
L94S,45.44,0
L94Q,45.49,0
L94W,44.5,0
L94M,47.38,1
L94N,45.81,0
L94A,43.05,0
L94D,47.54,1
L94C,45.87,0
L94H,45.06,0
L94I,49.5,1
L94K,46.56,1
L94F,45.32,0
D95F,47.39,1
D95G,46.9,1
D95M,47.66,1
D95H,47.46,1
D95I,46.8,1
D95K,48.49,1
D95L,48.87,1
D95E,49.67,1
D95V,47.1,1
D95A,49.4,1
D95T,48.27,1
D95W,47.57,1
D95Y,47.37,1
D95N,48.14,1
D95R,47.78,1
D95Q,48.92,1
D95C,47.84,1
D95S,48.85,1
E96Y,46.13,0
E96W,46.63,1
E96A,47.09,1
E96T,46.65,1
E96S,47.77,1
E96R,46.99,1
E96Q,47.52,1
E96N,48.05,1
E96M,47.22,1
E96V,47.31,1
E96K,48.46,1
E96G,46.57,1
E96F,46.67,1
E96D,47.15,1
E96C,47.31,1
E96L,46.54,1
T97E,46.69,1
T97F,44.46,0
T97G,45.17,0
T97I,46.61,1
T97K,45.2,0
T97R,43.7,0
T97Q,45.91,0
T97S,46.75,1
T97V,44.92,0
T97W,47.0,1
T97D,45.0,0
T97N,45.87,0
T97C,46.33,0
T97M,47.22,1
T97A,48.09,1
G98W,48.42,1
G98S,46.79,1
G98T,44.16,0
G98V,45.64,0
G98M,45.66,0
G98D,45.53,0
G98C,46.3,0
G98F,45.5,0
G98A,46.44,1
G98I,46.57,1
G98R,46.34,1
G98Q,47.1,1
G98N,46.89,1
G98K,48.15,1
G98L,46.62,1
G98Y,46.72,1
G98H,49.03,1
A99Y,46.89,1
A99E,44.59,0
A99L,46.07,0
A99M,45.69,0
A99N,45.57,0
A99R,46.08,0
A99W,45.57,0
A99V,45.5,0
A99I,45.38,0
A99C,47.5,1
A99S,48.38,1
A99F,46.43,1
A99T,45.72,0
A99G,46.8,1
A99D,46.56,1
A99H,46.73,1
K100G,46.51,1
K100Y,46.32,0
K100V,48.63,1
K100T,47.39,1
K100S,48.56,1
K100R,47.51,1
K100Q,48.9,1
K100P,46.65,1
K100I,46.69,1
K100N,47.51,1
K100M,46.77,1
K100L,47.01,1
K100A,46.91,1
K100D,47.44,1
K100E,46.9,1
K100F,46.16,0
K100H,47.95,1
K101W,41.94,0
K101V,43.02,0
K101T,41.76,0
K101Y,45.07,0
K101A,43.77,0
K101R,45.53,0
K101S,42.52,0
K101C,42.76,0
K101D,47.55,1
K101F,44.31,0
K101H,45.46,0
K101L,40.14,0
K101M,41.91,0
K101N,42.83,0
K101P,46.25,0
K101I,41.24,0
K101Q,44.62,0
V102A,45.39,0
V102C,46.38,1
V102I,46.28,0
V102K,48.79,1
V102T,46.05,0
V102L,44.42,0
D103E,41.68,0
D103C,40.14,0
D103A,40.39,0
D103S,43.04,0
D103N,46.2,0
D103H,40.59,0
D103G,43.74,0
I104G,46.62,1
I104M,45.36,0
I104W,47.09,1
V105I,50.78,1
V105L,43.4,0
V105M,41.37,0
V105A,41.94,0
V105C,41.87,0
A106C,46.19,0
A106S,46.27,0
M109C,48.27,1
M109F,47.9,1
M109I,48.38,1
M109V,46.4,1
G111C,43.34,0
A112G,44.76,0
A112K,44.94,0
A112N,44.85,0
A112P,47.05,1
A112T,40.4,0
A112W,44.14,0
N113A,43.49,0
N113Q,42.15,0
N113T,46.78,1
N113H,46.48,1
N113G,41.19,0
N113E,42.38,0
N113D,45.57,0
N113C,45.15,0
N113K,43.76,0
T114K,49.71,1
T114S,43.33,0
T114L,47.31,1
T114G,44.07,0
L115V,40.85,0
L115Q,40.17,0
L115M,47.43,1
L115I,43.31,0
L115E,46.47,1
L115C,42.02,0
L115F,42.41,0
Y116A,43.56,0
Y116F,46.53,1
Y116H,46.7,1
Y116I,49.71,1
Y116L,40.83,0
Y116M,42.6,0
Y116N,42.8,0
Y116Q,42.27,0
Y116S,43.88,0
Y116T,40.84,0
Y116V,41.88,0
Y116W,47.43,1
Y116D,44.25,0
Y116E,44.48,0
Y116C,41.81,0
Y117W,47.51,1
Y117A,42.8,0
Y117C,41.4,0
Y117F,46.2,0
Y117L,43.49,0
Y117M,43.98,0
Y117V,41.74,0
I118A,43.79,0
I118T,46.94,1
I118V,45.12,0
I118L,44.75,0
K119E,47.41,1
K119Y,46.36,1
K119G,48.07,1
K119C,47.86,1
K119H,46.39,1
K119A,47.92,1
K119D,46.45,1
K119I,44.17,0
K119W,45.24,0
K119S,47.13,1
K119V,44.43,0
K119T,44.04,0
K119R,47.11,1
K119Q,48.71,1
K119P,46.17,0
K119F,43.41,0
K119M,46.33,0
K119L,46.34,1
K119N,46.56,1
N120K,46.86,1
N120D,49.46,1
N120E,49.28,1
N120Y,49.67,1
N120W,47.87,1
N120V,48.09,1
N120T,47.57,1
N120S,48.0,1
N120R,47.79,1
N120P,44.2,0
N120M,47.16,1
N120L,46.27,0
N120A,47.96,1
N120F,46.54,1
N120I,46.12,0
N120H,48.4,1
N120G,44.19,0
N120Q,48.95,1
N120C,50.96,1
L121K,42.1,0
L121Y,44.16,0
L121A,43.46,0
L121C,46.44,1
L121D,41.3,0
L121E,43.7,0
L121F,45.14,0
L121G,43.41,0
L121H,41.19,0
L121I,45.19,0
L121N,43.44,0
L121Q,43.37,0
L121M,46.87,1
L121S,42.78,0
L121V,42.49,0
L121W,44.01,0
L121R,41.57,0
D122L,41.39,0
D122I,41.33,0
D122H,43.96,0
D122G,46.07,0
D122F,42.03,0
D122Y,42.92,0
D122T,42.61,0
D122S,42.52,0
D122Q,44.31,0
D122A,43.62,0
D122E,45.08,0
D122M,42.51,0
D122W,42.32,0
D122N,45.0,0
G123E,43.96,0
G123K,41.53,0
G123H,40.23,0
G123L,47.07,1
G123Q,43.87,0
G123C,42.14,0
G123S,44.93,0
G124A,45.8,0
G124D,43.55,0
G124E,40.79,0
G124L,41.21,0
G124F,41.05,0
G124K,43.35,0
G124M,42.53,0
G124N,42.7,0
G124R,42.6,0
G124S,45.31,0
G124T,42.39,0
G124W,41.12,0
G124Y,42.24,0
G124C,43.96,0
G124I,40.86,0
G124Q,42.55,0
N125L,45.85,0
N125Y,45.79,0
N125S,48.1,1
N125R,46.44,1
N125Q,47.63,1
N125P,44.18,0
N125M,46.77,1
N125A,46.81,1
N125C,46.87,1
N125K,46.31,0
N125D,48.4,1
N125E,46.67,1
N125G,46.95,1
N125H,46.91,1
N125W,45.79,0
N125T,46.78,1
N125I,45.37,0
K126N,44.25,0
K126Q,44.08,0
K126W,44.69,0
K126V,45.0,0
K126T,44.87,0
K126S,44.39,0
K126Y,45.35,0
K126C,44.57,0
K126E,40.61,0
K126R,46.81,1
K126I,43.68,0
K126L,45.15,0
K126A,43.92,0
K126F,45.26,0
V127A,44.09,0
V127C,45.34,0
V127I,47.22,1
V127L,45.1,0
V127M,45.56,0
V127S,44.36,0
V127T,44.57,0
A128C,45.79,0
A128D,45.29,0
A128I,43.66,0
A128F,44.79,0
A128G,47.48,1
A128H,46.94,1
A128K,47.08,1
A128L,46.2,0
A128M,46.56,1
A128Q,48.27,1
A128R,47.39,1
A128T,46.09,0
A128V,45.12,0
A128W,45.48,0
A128Y,44.92,0
A128E,47.12,1
A128S,47.12,1
N129F,42.84,0
N129G,42.24,0
N129V,40.14,0
N129T,43.7,0
N129R,44.29,0
N129Q,46.81,1
N129P,48.21,1
N129M,42.7,0
N129C,44.51,0
N129W,45.45,0
N129Y,43.66,0
N129K,42.52,0
V130Q,43.28,0
V130A,41.21,0
V130S,41.98,0
V130F,42.7,0
V130C,44.69,0
V130M,43.38,0
V130N,46.33,0
V130P,44.86,0
V130I,46.16,0
V130L,44.64,0
V131C,43.3,0
V131A,40.54,0
V131I,48.68,1
V131L,44.0,0
V131M,41.9,0
V131T,40.7,0
T132S,44.45,0
T132M,47.23,1
T132V,46.24,0
T132L,49.03,1
T132I,49.02,1
T132H,43.37,0
T132G,44.77,0
T132F,46.95,1
T132D,47.38,1
T132C,44.78,0
T132A,43.21,0
L133A,42.13,0
L133C,42.54,0
L133F,43.01,0
L133I,48.02,1
L133M,44.98,0
G134A,47.64,1
G134C,42.68,0
G134M,49.56,1
G135Y,48.05,1
G135A,46.66,1
G135M,54.12,1
A136G,44.25,0
A136F,46.56,1
A136V,48.19,1
A136S,46.42,1
A136T,46.5,1
N137V,41.16,0
N137L,44.38,0
N137T,45.27,0
N137R,50.91,1
N137P,48.42,1
N137M,40.68,0
N137K,43.3,0
N137I,44.6,0
N137D,43.65,0
R138G,47.24,1
R138C,45.62,0
R138H,46.1,0
R138I,44.18,0
R138K,46.63,1
R138L,46.79,1
R138S,45.75,0
R138E,42.65,0
R138T,45.93,0
R138W,44.61,0
R138Y,44.05,0
R138D,41.64,0
L139W,45.27,0
L139Y,48.2,1
L139V,48.73,1
L139G,45.5,0
L139P,45.32,0
L139T,46.78,1
L139K,46.81,1
L139S,46.4,1
L139R,45.85,0
L139Q,45.33,0
L139I,49.05,1
T140M,45.37,0
T140K,40.9,0
T140S,46.54,1
T140V,47.36,1
T140F,45.57,0
T140Y,43.83,0
T140I,43.93,0
T140D,42.06,0
T140E,46.27,0
T140W,40.86,0
T140L,45.79,0
T140H,42.43,0
T140G,43.38,0
T141S,48.07,1
T141A,46.68,1
T141D,47.4,1
T141E,47.09,1
T141F,45.2,0
T141G,45.01,0
T141I,46.21,0
T141M,43.33,0
T141N,44.96,0
T141Q,43.0,0
T141V,46.63,1
T141Y,45.5,0
G142H,48.83,1
G142F,46.97,1
G142E,48.61,1
G142I,45.63,0
G142C,47.95,1
G142A,48.0,1
G142K,47.14,1
G142D,49.46,1
G142M,46.4,1
G142Q,47.34,1
G142P,48.06,1
G142R,47.54,1
G142S,49.05,1
G142T,47.8,1
G142V,46.72,1
G142W,46.35,1
G142Y,46.64,1
G142N,49.58,1
K143V,48.69,1
K143T,48.79,1
K143S,47.75,1
K143M,48.73,1
K143R,48.53,1
K143Q,48.25,1
K143N,46.43,1
K143L,49.57,1
K143C,49.06,1
K143H,47.5,1
K143G,45.49,0
K143F,47.48,1
K143E,47.77,1
K143D,46.83,1
K143W,46.82,1
K143A,47.78,1
K143I,48.82,1
K143Y,47.76,1
A144V,45.06,0
A144T,45.11,0
A144S,43.95,0
A144R,45.73,0
A144L,46.44,1
A144I,41.79,0
A144H,41.25,0
A144W,42.0,0
A144G,43.68,0
A144C,44.77,0
L145I,47.81,1
L145F,46.34,1
L145D,46.27,0
L145C,46.88,1
L145A,46.12,0
L145K,42.4,0
L145M,46.33,0
L145S,45.14,0
L145W,47.39,1
L145T,45.29,0
L145H,48.08,1
L145R,42.73,0
L145Q,46.67,1
L145Y,47.26,1
L145P,49.82,1
L145N,45.5,0
P146V,46.95,1
P146S,46.09,0
P146R,47.92,1
P146Q,45.76,0
P146N,45.18,0
P146M,45.16,0
P146L,45.68,0
P146K,47.06,1
P146W,44.73,0
P146F,44.26,0
P146E,47.14,1
P146C,45.62,0
P146G,45.67,0
P146T,46.44,1
P146Y,45.42,0
G147F,41.13,0
G147H,41.34,0
G147Y,43.51,0
G147V,43.95,0
G147S,42.39,0
G147K,42.85,0
G147I,41.86,0
G147D,40.2,0
G147A,40.06,0
G147N,40.42,0
T148A,46.43,1
T148C,46.52,1
T148D,47.98,1
T148F,45.56,0
T148G,46.34,1
T148H,46.57,1
T148I,46.62,1
T148L,46.8,1
T148M,46.06,0
T148N,47.51,1
T148R,45.18,0
T148S,48.1,1
T148W,46.39,1
T148Y,45.84,0
T148Q,46.05,0
T148K,45.29,0
T148P,45.06,0
D149S,44.21,0
D149W,44.25,0
D149A,44.85,0
D149E,45.18,0
D149F,43.8,0
D149G,42.23,0
D149H,43.24,0
D149I,42.53,0
D149Y,42.97,0
D149L,41.52,0
D149P,41.38,0
D149Q,43.42,0
D149R,41.65,0
D149T,43.45,0
D149V,43.15,0
D149N,43.61,0
D149C,44.6,0
P150R,46.61,1
P150S,46.67,1
P150T,46.86,1
P150A,46.74,1
P150C,45.83,0
P150D,46.36,1
P150E,46.68,1
P150G,46.16,0
P150H,46.42,1
P150I,45.72,0
P150K,47.08,1
P150L,46.66,1
P150M,46.81,1
P150Q,46.23,0
P150Y,46.02,0
P150F,46.0,0
P150V,47.12,1
P150W,45.44,0
N151V,45.63,0
N151T,48.19,1
N151S,47.82,1
N151R,49.07,1
N151Q,48.49,1
N151A,48.28,1
N151C,50.19,1
N151D,47.64,1
N151P,44.99,0
N151F,46.81,1
N151G,47.04,1
N151H,48.09,1
N151I,46.98,1
N151K,47.2,1
N151L,48.97,1
N151M,45.08,0
N151E,47.83,1
Q152S,47.6,1
Q152R,48.11,1
Q152D,46.6,1
Q152M,47.41,1
Q152L,46.1,0
Q152I,45.98,0
Q152H,48.19,1
Q152E,47.32,1
Q152C,48.2,1
Q152A,48.42,1
Q152T,46.97,1
Q152N,48.24,1
Q152V,46.39,1
Q152G,46.83,1
Q152Y,46.83,1
Q152W,48.92,1
K153P,47.69,1
K153A,46.37,1
K153W,42.66,0
K153I,45.56,0
K153H,45.07,0
K153D,44.44,0
K153E,44.53,0
K153Q,45.67,0
K153G,44.33,0
K153L,44.77,0
K153N,45.28,0
K153V,45.71,0
K153T,45.54,0
K153S,45.96,0
K153R,47.1,1
K153F,43.61,0
K153Y,43.34,0
I154F,44.79,0
I154M,41.09,0
I154T,41.45,0
I154V,44.65,0
I154W,50.38,1
I154C,40.67,0
L155I,44.4,0
L155M,47.14,1
L155N,44.4,0
L155P,41.18,0
L155A,44.87,0
L155R,46.81,1
L155S,43.01,0
L155H,43.39,0
L155T,45.33,0
L155W,43.29,0
L155Y,45.67,0
L155K,48.1,1
L155G,42.33,0
L155E,44.43,0
L155C,44.08,0
L155V,45.64,0
L155Q,46.33,0
Y156H,42.03,0
Y156S,42.88,0
Y156Q,43.31,0
Y156M,42.48,0
Y156T,42.34,0
Y156V,41.27,0
Y156W,47.24,1
Y156L,40.65,0
Y156I,42.09,0
Y156F,45.1,0
T157Y,45.43,0
T157V,45.66,0
T157L,48.22,1
T157K,41.7,0
T157I,46.04,0
T157F,44.98,0
T157C,49.37,1
S158Q,42.33,0
S158N,49.89,1
S158M,44.02,0
S158L,40.07,0
S158I,41.98,0
S158C,48.38,1
S158G,41.76,0
S158E,44.33,0
S158D,42.36,0
S158T,45.23,0
S158H,41.58,0
S158V,44.08,0
I159A,41.52,0
I159L,44.43,0
I159F,44.88,0
I159C,42.26,0
I159E,43.06,0
I159V,48.01,1
I159T,41.04,0
Y160I,43.12,0
Y160W,42.83,0
Y160V,41.61,0
Y160T,43.9,0
Y160S,42.72,0
Y160Q,40.64,0
Y160M,46.43,1
Y160F,48.15,1
Y160C,43.76,0
Y160A,44.02,0
S161C,45.56,0
S161A,43.58,0
S161K,46.52,1
S161R,45.71,0
S161D,46.83,1
S161V,41.4,0
S161T,46.6,1
S161N,40.51,0
S161G,44.72,0
S162P,45.53,0
S162W,42.48,0
S162K,44.49,0
S162Y,44.22,0
S162H,42.65,0
S162G,43.33,0
S162F,43.36,0
S162E,46.5,1
S162D,50.75,1
S162C,45.31,0
S162L,44.88,0
S162A,46.63,1
S162N,46.56,1
S162Q,45.86,0
S162R,45.27,0
S162T,48.82,1
S162V,45.99,0
S162M,44.29,0
A163E,48.29,1
A163D,50.67,1
A163C,44.4,0
A163F,44.6,0
A163I,44.55,0
A163H,47.16,1
A163K,45.72,0
A163L,44.85,0
A163M,42.85,0
A163N,47.79,1
A163P,46.32,0
A163Q,47.8,1
A163R,45.16,0
A163S,49.14,1
A163T,47.54,1
A163W,45.64,0
A163Y,46.02,0
A163G,47.92,1
A163V,49.3,1
M165S,50.13,1
M165K,50.4,1
M165D,52.44,1
M165E,53.96,1
M165G,49.56,1
M165H,48.52,1
M165L,48.03,1
M165C,49.59,1
M165P,48.92,1
M165R,49.77,1
M165T,50.94,1
M165V,47.89,1
M165W,49.46,1
M165A,49.7,1
M165Q,50.78,1
I166D,50.2,1
I166E,50.82,1
I166C,50.87,1
I166Y,48.88,1
I166F,47.75,1
I166W,45.91,0
I166A,47.5,1
I166G,46.27,0
I166M,48.06,1
I166K,50.48,1
I166L,47.19,1
I166V,49.79,1
I166N,48.63,1
I166P,43.94,0
I166Q,49.33,1
I166T,49.61,1
I166H,49.69,1
I166S,48.46,1
V167M,46.62,1
V167G,44.48,0
V167I,47.63,1
V167E,46.36,1
V167A,43.08,0
V167S,47.67,1
V167L,42.85,0
V167T,48.58,1
V167H,48.3,1
V167Q,44.42,0
M168Y,47.61,1
M168W,46.92,1
M168V,47.6,1
M168Q,50.35,1
M168P,55.98,1
M168T,48.92,1
M168S,51.6,1
M168I,46.2,0
M168K,50.14,1
M168R,48.92,1
M168C,51.02,1
M168D,53.25,1
M168E,51.63,1
M168F,47.29,1
M168G,50.22,1
M168H,50.49,1
M168L,47.87,1
M168N,51.34,1
M168A,48.69,1
N169T,44.13,0
N169S,44.98,0
N169R,43.34,0
N169Q,44.37,0
N169P,48.56,1
N169L,41.93,0
N169K,43.56,0
N169C,46.12,0
N169G,45.35,0
N169E,46.25,0
N169D,45.83,0
N169A,44.56,0
N169W,43.21,0
N169Y,43.46,0
N169H,46.53,1
N169V,42.58,0
Y170R,49.25,1
Y170Q,49.55,1
Y170P,44.32,0
Y170M,46.39,1
Y170K,47.07,1
Y170I,46.73,1
Y170S,50.7,1
Y170T,49.2,1
Y170V,47.66,1
Y170W,49.66,1
Y170A,49.27,1
Y170C,51.53,1
Y170D,50.32,1
Y170F,47.67,1
Y170G,48.76,1
Y170H,50.8,1
L171N,48.22,1
L171S,45.22,0
L171Y,47.86,1
L171F,45.66,0
L171T,47.33,1
L171V,48.49,1
L171M,43.55,0
L171I,46.36,1
L171G,42.85,0
L171W,46.61,1
L171E,47.16,1
L171D,47.95,1
L171A,44.68,0
S172A,43.09,0
R173I,48.77,1
R173D,46.86,1
R173E,49.95,1
R173Q,50.59,1
R173N,49.16,1
R173M,51.1,1
R173K,49.66,1
R173Y,49.82,1
R173H,49.62,1
R173G,44.68,0
R173W,46.84,1
R173V,49.16,1
R173T,48.12,1
R173S,48.52,1
L174V,45.27,0
L174M,45.0,0
L174C,43.18,0
L174E,44.95,0
D175Y,44.25,0
D175N,44.39,0
D175W,44.23,0
D175Q,45.03,0
D175R,44.77,0
D175M,43.27,0
D175L,43.32,0
D175K,45.1,0
D175I,44.14,0
D175H,44.89,0
D175F,43.03,0
D175E,48.58,1
D175C,46.35,1
D175S,46.3,0
D175T,45.7,0
D175V,44.98,0
D175G,43.63,0
G176E,40.89,0
G176F,41.03,0
G176D,42.15,0
G176T,42.81,0
G176N,43.45,0
G176Y,43.06,0
A177V,41.29,0
A177S,43.95,0
A177G,46.8,1
A177F,45.15,0
A177C,43.46,0
R178F,45.23,0
R178H,46.14,0
R178A,45.72,0
R178D,43.65,0
R178C,45.63,0
R178E,44.05,0
R178K,49.6,1
R178I,43.4,0
R178M,46.36,1
R178W,46.18,0
R178Y,45.8,0
R178L,47.71,1
R178V,44.16,0
R178T,45.26,0
R178N,47.42,1
R178Q,44.37,0
R178S,45.16,0
N179C,49.53,1
N179A,50.25,1
N179V,40.99,0
N179E,41.18,0
V180A,45.04,0
V180C,46.34,1
V180D,44.1,0
V180E,47.07,1
V180H,44.28,0
V180I,49.18,1
V180K,44.59,0
V180N,44.52,0
V180Q,46.03,0
V180S,43.66,0
V180T,45.51,0
V180Y,44.85,0
V180F,45.01,0
V180L,46.98,1
V180M,46.52,1
Q181N,46.09,0
Q181V,46.7,1
Q181T,45.15,0
Q181S,45.11,0
Q181R,45.19,0
Q181P,45.51,0
Q181M,46.53,1
Q181L,48.67,1
Q181K,46.66,1
Q181I,47.48,1
Q181W,45.94,0
Q181H,44.9,0
Q181Y,44.76,0
Q181F,47.52,1
Q181A,46.01,0
Q181C,46.59,1
Q181D,44.46,0
Q181G,46.81,1
Q181E,49.33,1
I182F,42.41,0
I182K,41.13,0
I182L,47.49,1
I182M,44.64,0
I182C,43.19,0
I182V,47.62,1
I182P,41.02,0
I182T,41.75,0
I182W,45.37,0
H183K,45.73,0
H183Y,45.45,0
H183W,45.6,0
H183V,46.09,0
H183T,47.4,1
H183S,48.11,1
H183Q,47.22,1
H183P,46.63,1
H183N,47.9,1
H183A,47.06,1
H183C,47.07,1
H183D,49.15,1
H183F,44.57,0
H183G,46.59,1
H183L,44.41,0
H183I,45.57,0
H183M,45.26,0
H183E,48.31,1
G184C,47.42,1
G184D,48.25,1
G184L,45.31,0
G184M,45.59,0
G184N,48.62,1
G184R,45.83,0
G184S,46.07,0
G184T,46.46,1
G184V,43.59,0
G184W,44.52,0
G184Y,45.38,0
G184I,44.0,0
G184H,47.32,1
G184F,45.18,0
G184E,47.45,1
G184A,45.58,0
G184K,46.72,1
V185D,46.43,1
V185E,46.77,1
V185L,45.74,0
V185H,44.17,0
V185I,47.62,1
V185C,45.33,0
V185M,45.25,0
V185N,42.7,0
V185P,45.5,0
V185Q,45.4,0
V185R,42.85,0
V185S,44.43,0
V185T,46.53,1
V185W,42.75,0
V185Y,44.42,0
V185F,43.73,0
V185A,45.44,0
V185K,44.61,0
G186D,52.82,1
G186L,44.29,0
G186K,46.24,0
G186H,48.53,1
G186N,48.45,1
G186Y,42.93,0
G186W,44.61,0
G186T,50.12,1
G186M,45.55,0
G186C,48.08,1
G186E,49.28,1
G186F,41.66,0
G186A,48.5,1
G186S,51.26,1
G186R,46.52,1
G186Q,46.5,1
G186P,48.31,1
I188T,48.97,1
I188K,48.78,1
I188L,48.4,1
I188N,50.4,1
I188V,47.91,1
I188P,47.21,1
I188G,47.02,1
I188R,47.1,1
I188S,50.28,1
I188M,51.9,1
I188Q,50.65,1
I188F,50.8,1
I188A,47.37,1
I188C,51.57,1
G189M,45.11,0
G189L,43.91,0
G189H,46.29,0
G189E,51.13,1
G189Y,44.9,0
G189W,44.51,0
G189K,44.81,0
G189T,46.22,0
G189N,46.33,0
G189D,50.17,1
G189C,48.33,1
G189P,46.1,0
G189Q,48.81,1
G189R,45.27,0
G189S,46.6,1
G189A,47.15,1
L190G,45.69,0
L190K,50.89,1
L190M,49.95,1
L190V,42.95,0
L190Y,43.91,0
L190I,45.77,0
L191A,41.36,0
L191C,43.07,0
L191I,42.47,0
L191T,40.3,0
L191M,46.98,1
Y192D,46.36,1
Y192M,47.31,1
Y192N,49.63,1
Y192P,42.77,0
Y192Q,48.35,1
Y192R,45.62,0
Y192S,48.53,1
Y192T,48.46,1
Y192V,49.68,1
Y192W,49.51,1
Y192I,46.39,1
Y192H,49.91,1
Y192G,48.64,1
Y192F,48.57,1
Y192E,48.79,1
Y192K,49.28,1
Y192C,49.22,1
Y192A,47.87,1
Y192L,46.33,0
S193W,41.54,0
S193C,47.61,1
S193D,49.72,1
S193E,46.13,0
S193F,43.72,0
S193G,42.26,0
S193H,47.92,1
S193I,44.34,0
S193K,42.76,0
S193N,50.24,1
S193T,44.71,0
S193V,42.51,0
S193A,46.79,1
S193Y,43.72,0
S194T,47.55,1
S194K,46.61,1
S194I,45.36,0
S194R,46.34,1
S194H,48.36,1
S194G,48.29,1
S194L,46.5,1
S194M,46.78,1
S194N,49.56,1
S194F,47.65,1
S194Q,47.65,1
S194E,49.56,1
S194D,49.55,1
S194C,47.45,1
S194A,48.59,1
S194W,47.65,1
S194V,44.9,0
S194P,48.28,1
Q195H,47.74,1
Q195A,47.11,1
Q195C,47.36,1
Q195D,47.22,1
Q195E,49.51,1
Q195F,46.69,1
Q195G,45.48,0
Q195I,47.88,1
Q195S,46.13,0
Q195L,46.29,0
Q195M,46.96,1
Q195N,45.66,0
Q195P,44.98,0
Q195R,46.93,1
Q195T,48.09,1
Q195V,48.52,1
Q195W,45.19,0
Q195Y,47.37,1
Q195K,47.53,1
V196C,45.65,0
V196F,44.07,0
V196A,45.87,0
V196I,45.09,0
V196K,45.57,0
V196L,44.02,0
V196M,40.92,0
V196S,42.43,0
V196T,44.33,0
V196G,41.02,0
N197Y,50.28,1
N197W,49.63,1
N197V,44.12,0
N197S,44.26,0
N197R,45.91,0
N197Q,46.83,1
N197P,41.04,0
N197M,49.69,1
N197T,45.05,0
N197K,46.57,1
N197L,47.57,1
N197A,46.2,0
N197C,46.6,1
N197D,45.02,0
N197H,50.28,1
N197F,49.37,1
N197G,45.07,0
N197I,43.28,0
N197E,45.43,0
S198G,43.93,0
S198H,44.59,0
S198I,43.9,0
S198K,44.26,0
S198L,43.76,0
S198M,44.51,0
S198N,44.79,0
S198Q,46.2,0
S198R,44.02,0
S198T,44.29,0
S198V,42.99,0
S198C,45.11,0
S198D,46.15,0
S198Y,43.73,0
S198W,47.0,1
S198P,43.25,0
S198A,45.4,0
S198F,43.59,0
S198E,46.76,1
L199V,46.4,1
L199S,43.34,0
L199R,44.15,0
L199Q,45.07,0
L199N,43.2,0
L199M,47.17,1
L199K,44.3,0
L199T,44.05,0
L199I,45.62,0
L199G,42.32,0
L199F,46.56,1
L199D,41.23,0
L199C,45.2,0
L199A,44.57,0
L199W,46.82,1
L199Y,47.91,1
L199H,45.22,0
I200A,40.74,0
I200T,42.23,0
I200M,44.71,0
I200F,47.2,1
I200C,42.41,0
I200V,47.47,1
K201I,47.01,1
K201Y,47.32,1
K201W,46.86,1
K201V,48.7,1
K201T,46.5,1
K201R,47.77,1
K201Q,47.13,1
K201P,41.38,0
K201N,45.26,0
K201M,47.9,1
K201L,47.99,1
K201H,47.22,1
K201S,46.84,1
K201F,46.59,1
K201G,45.84,0
K201A,48.31,1
K201E,47.04,1
K201D,43.63,0
E202L,46.92,1
E202Y,46.31,0
E202V,46.01,0
E202S,46.68,1
E202R,46.14,0
E202N,46.39,1
E202M,47.49,1
E202I,46.99,1
E202H,46.95,1
E202G,45.06,0
E202K,46.36,1
E202D,48.18,1
E202C,47.14,1
E202F,46.92,1
G203W,45.29,0
G203V,43.72,0
G203T,45.42,0
G203E,45.86,0
G203F,42.48,0
G203C,45.19,0
G203I,40.36,0
G203M,43.09,0
G203N,40.67,0
G203S,47.6,1
G203Y,43.87,0
G203H,42.91,0
G203A,50.76,1
L204V,41.83,0
L204M,42.4,0
L204I,43.89,0
L204F,43.07,0
L204C,41.63,0
N205Q,49.64,1
N205C,49.3,1
N205D,42.43,0
N205S,49.5,1
N205R,49.18,1
N205E,46.99,1
N205F,46.88,1
N205G,47.44,1
N205H,47.26,1
N205V,48.24,1
N205I,48.98,1
N205K,48.61,1
N205L,50.44,1
N205M,50.63,1
N205A,47.82,1
N205T,50.93,1
